<?xml version="1.0"?>

<view xmlns:xsi="http://www.w3.org/2001/XMLSchema-instance" xsi:noNamespaceSchemaLocation="urn:magento:framework:Config/etc/view.xsd">
    <media>
		<images module="Magento_Catalog">
		    <image id="amp_category_page_list" type="image">
		        <width>600</width> <!-- Image width in px -->
		        <height>750</height> <!-- Image height in px -->
		    </image>
		    <image id="amp_category_page_grid" type="image">
		        <width>600</width> <!-- Image width in px -->
		        <height>750</height> <!-- Image height in px -->
		    </image>
		    <image id="product_page_image_medium" type="image">
		        <width>700</width> <!-- Image width in px -->
		        <height>560</height> <!-- Image height in px -->
		    </image>
		    <image id="product_page_image_large" type="image">
		        <width>700</width> <!-- Image width in px -->
		        <height>560</height> <!-- Image height in px -->
		    </image>
			<image id="new_products_content_widget_grid" type="small_image">
				<width>250</width>
				<height>300</height>
			</image>
		</images>
    </media>
</view>

