<?xml version="1.0"?>
<config xmlns:xsi="http://www.w3.org/2001/XMLSchema-instance" xsi:noNamespaceSchemaLocation="urn:magento:module:Magento_Config:etc/system_file.xsd">
    <system>
        <tab id="zemez" translate="label" sortOrder="90">
            <label>Zemez</label>
        </tab>
        <section id="countdown_timer" translate="label" type="text" sortOrder="160" showInDefault="1" showInWebsite="1" showInStore="1">
            <class>separator-top</class>
            <label>Special Price Timer</label>
            <tab>zemez</tab>
            <resource>Zemez_CountdownTimer::config_countdown</resource>
            <group id="general" translate="label" type="text" sortOrder="10" showInDefault="1" showInWebsite="1" showInStore="1">
                <label>General Options</label>
                <group id="product_page" translate="label" type="text" sortOrder="10" showInDefault="1" showInWebsite="1" showInStore="1">
                    <label>Product Page</label>
                    <field id="version" translate="label comment" type="label" sortOrder="1" showInDefault="1" showInWebsite="1" showInStore="1">
                        <label>Version</label>
                        <comment>Current module version.</comment>
                        <frontend_model>Zemez\CountdownTimer\Block\Adminhtml\System\Config\Version</frontend_model>
                    </field>
                    <field id="enabled" translate="label comment" type="select" sortOrder="10" showInDefault="1" showInWebsite="1" showInStore="1">
                        <label>Enabled</label>
                        <source_model>Magento\Config\Model\Config\Source\Yesno</source_model>
                        <comment>Set to "Yes" to activate the Countdown Timer for the products with Special Price specified.</comment>
                    </field>
                    <field id="format" translate="label comment" type="text" sortOrder="20" showInDefault="1" showInWebsite="1" showInStore="1">
                        <label>Timer Format</label>
                        <depends>
                            <field id="*/*/*/enabled">1</field>
                        </depends>
                        <comment>
                            <![CDATA[
                                <strong>D:</strong> stands for total amount of days;<br/>
                                <strong>H:</strong> stands for hours;<br/>
                                <strong>M:</strong> stands for minutes;<br/>
                                <strong>S:</strong> stands for seconds.
                            ]]>
                        </comment>
                    </field>
                    <field id="selector" translate="label comment" type="text" sortOrder="30" showInDefault="1" showInWebsite="1" showInStore="1">
                        <label>Selector</label>
                        <depends>
                            <field id="*/*/*/enabled">1</field>
                        </depends>
                        <comment>Use the default or specify another selector by which you want to display the Countdown Timer.</comment>
                    </field>
                </group>
                <group id="catalog_page" translate="label" type="text" sortOrder="20" showInDefault="1" showInWebsite="1" showInStore="1">
                    <label>Catalog Page</label>
                    <field id="enabled" translate="label comment" type="select" sortOrder="10" showInDefault="1" showInWebsite="1" showInStore="1">
                        <label>Enabled</label>
                        <source_model>Magento\Config\Model\Config\Source\Yesno</source_model>
                        <comment>Set to "Yes" to activate the Countdown Timer for the products with Special Price specified.</comment>
                    </field>
                    <field id="format" translate="label comment" type="text" sortOrder="20" showInDefault="1" showInWebsite="1" showInStore="1">
                        <label>Timer Format</label>
                        <depends>
                            <field id="*/*/*/enabled">1</field>
                        </depends>
                        <comment>
                            <![CDATA[
                                <strong>D:</strong> stands for total amount of days;<br/>
                                <strong>H:</strong> stands for hours;<br/>
                                <strong>M:</strong> stands for minutes;<br/>
                                <strong>S:</strong> stands for seconds.
                            ]]>
                        </comment>
                    </field>
                    <field id="selector" translate="label comment" type="text" sortOrder="30" showInDefault="1" showInWebsite="1" showInStore="1">
                        <label>Selector</label>
                        <depends>
                            <field id="*/*/*/enabled">1</field>
                        </depends>
                        <comment>Use the default or specify another selector by which you want to display the Countdown Timer.</comment>
                    </field>
                </group>
                <group id="widget" translate="label" type="text" sortOrder="30" showInDefault="1" showInWebsite="1" showInStore="1">
                    <label>Product List Widget</label>
                    <field id="enabled" translate="label comment" type="select" sortOrder="10" showInDefault="1" showInWebsite="1" showInStore="1">
                        <label>Enabled</label>
                        <source_model>Magento\Config\Model\Config\Source\Yesno</source_model>
                        <comment>Set to "Yes" to activate the Countdown Timer for the products with Special Price specified.</comment>
                    </field>
                    <field id="format" translate="label comment" type="text" sortOrder="20" showInDefault="1" showInWebsite="1" showInStore="1">
                        <label>Timer Format</label>
                        <depends>
                            <field id="*/*/*/enabled">1</field>
                        </depends>
                        <comment>
                            <![CDATA[
                                <strong>D:</strong> stands for total amount of days;<br/>
                                <strong>H:</strong> stands for hours;<br/>
                                <strong>M:</strong> stands for minutes;<br/>
                                <strong>S:</strong> stands for seconds.
                            ]]>
                        </comment>
                    </field>
                    <field id="selector" translate="label comment" type="text" sortOrder="30" showInDefault="1" showInWebsite="1" showInStore="1">
                        <label>Selector</label>
                        <depends>
                            <field id="*/*/*/enabled">1</field>
                        </depends>
                        <comment>Use the default or specify another selector by which you want to display the Countdown Timer.</comment>
                    </field>
                </group>
            </group>
        </section>
    </system>
</config>
