<?xml version="1.0" encoding="UTF-8"?>
<!--
/**
 * Copyright © 2015 Magento. All rights reserved.
 * See COPYING.txt for license details.
 */
-->

<widgets xmlns:xsi="http://www.w3.org/2001/XMLSchema-instance"
         xsi:noNamespaceSchemaLocation="urn:magento:module:Magento_Widget:etc/widget.xsd">
    <widget id="featured_products"
            class="Zemez\FeaturedProduct\Block\FeaturedProduct\Widget\Product">
        <label translate="true">Featured Products</label>
        <description translate="true">Featured products.</description>
        <parameters>
            <parameter name="widget_status" xsi:type="select" visible="true" sort_order="1" source_model="Magento\Config\Model\Config\Source\Enabledisable">
                <label translate="true">Status</label>
                <description translate="true">You can Enable or Disable the widget.</description>
                <options>
                    <option name="widget_status_enable" value="1" selected="true">
                        <label translate="true">Enable</label>
                    </option>
                    <option name="widget_status_disable" value="0">
                        <label translate="true">Disable</label>
                    </option>
                </options>
            </parameter>
            <parameter name="product_types" xsi:type="multiselect" required="true" visible="true"
                       source_model="Zemez\FeaturedProduct\Model\Source\Product\Type">
                <label translate="true">Product types</label>
                <description translate="true">Select the Product Type(s). Note, each Product Type you select will be displayed in the separate tab.</description>
                <!--<depends>-->
                    <!--<parameter name="template" value="widget/products-grid.phtml" />-->
                <!--</depends>-->
                <!--<options>-->
                    <!--<option name="new_product" value="new_product">-->
                        <!--<label translate="true">New Products</label>-->
                    <!--</option>-->
                    <!--<option name="sale_product" value="sale_product">-->
                        <!--<label translate="true">Sale Products</label>-->
                    <!--</option>-->
                    <!--<option name="viewed_product" value="viewed_product">-->
                        <!--<label translate="true">Most Viewed Products</label>-->
                    <!--</option>-->
                    <!--<option name="bestsellers_product" value="bestsellers_product">-->
                        <!--<label translate="true">Bestsellers Products</label>-->
                    <!--</option>-->
                    <!--<option name="rated_product" value="rated_product">-->
                        <!--<label translate="true">Top Rated Products</label>-->
                    <!--</option>-->
                    <!--<option name="manual_product" value="manual_product">-->
                        <!--<label translate="true">Manual Products</label>-->
                    <!--</option>-->
                <!--</options>-->
            </parameter>
            <parameter name="product_ids" xsi:type="block" visible="true">
                <label translate="true">Choose custom products</label>
                <description translate="true">Select products. Will be used only with Manual Product type selected.</description>
                <block class="Zemez\FeaturedProduct\Block\Adminhtml\Widget\Chooser">
                    <data>
                        <item name="button" xsi:type="array">
                            <item name="open" xsi:type="string" translate="true">Select ...</item>
                        </item>
                    </data>
                </block>
            </parameter>
            <parameter name="categories" xsi:type="conditions" visible="true" required="true"
                       class="Magento\CatalogWidget\Block\Product\Widget\Conditions">
                <label translate="true">Categories</label>
                <description translate="true">This option allows defining from what categories the featured products will be pulled, in case, more than 2 product types will be selected.</description>
            </parameter>
            <parameter name="json_data" xsi:type="text" visible="false">
                <label translate="true">Data (Titles and Labels)</label>
            </parameter>

            <parameter name="is_banner" xsi:type="select" visible="true"
                       source_model="Magento\Config\Model\Config\Source\Yesno">
                <label translate="true">Use Banner</label>
                <description translate="true">Set to "Yes" to show the banner.</description>
            </parameter>

            <parameter name="banner_content" xsi:type="block" visible="true">
                <label translate="true">Banner Content</label>
                <description translate="true">Configure the banner content.</description>
                <block class="Zemez\FeaturedProduct\Block\Adminhtml\Widget\Editor"></block>
            </parameter>

            <parameter name="product_image_width" xsi:type="text" visible="true">
                <label translate="true">Product Image Width</label>
                <description translate="true">Set the product image width in pixels (px). Example: 310.</description>
            </parameter>
            <parameter name="product_image_height" xsi:type="text" visible="true">
                <label translate="true">Product Image Height</label>
                <description translate="true">Set the product image height in pixels (px). Example: 310.</description>
            </parameter>

            <parameter name="number_per_view" xsi:type="text" visible="true">
                <label translate="true">Number of products to display</label>
                <description translate="true">Enter the total number of products to display in the widget.</description>
            </parameter>
            <parameter name="show_carousel" xsi:type="select" visible="true"
                       source_model="Magento\Config\Model\Config\Source\Yesno">
                <label translate="true">Carousel</label>
                <description translate="true">Set to "Yes" to enable the carousel mode for the widget.</description>
            </parameter>
            <parameter name="number_to_display" xsi:type="text" visible="true">
                <label translate="true">Products per View</label>
                <description translate="true">Specify the number of products to show per view. The option does not apply for the sidebar template (in case the sidebar template is selected, the option equals to 1).</description>
                <depends>
                    <parameter name="show_carousel" value="1" />
                </depends>
            </parameter>
            <parameter name="number_per_row" xsi:type="text" visible="true">
                <label translate="true">Products per Row</label>
                <description translate="true">Specify the number of products to show per row. The option does not apply for the sidebar template (in case the sidebar template is selected, the option equals to 1).</description>
                <depends>
                    <parameter name="show_carousel" value="0" />
                </depends>
            </parameter>
            <parameter name="use_arrows" xsi:type="select" visible="true" source_model="Magento\Config\Model\Config\Source\Yesno">
                <label translate="true">Use Arrows</label>
                <description translate="true">Set to "Yes" to show the arrows.</description>
                <depends>
                    <parameter name="show_carousel" value="1" />
                </depends>
            </parameter>
            <parameter name="prev_button" xsi:type="text" visible="true">
                <label translate="true">Prev. Button CSS Class</label>
                <description translate="true">Enter additional CSS class for the previous button (e.g. for font icon).</description>
                <depends>
                    <parameter name="use_arrows" value="1" />
                </depends>
                <value>fa fa-angle-left</value>
            </parameter>
            <parameter name="next_button" xsi:type="text" visible="true">
                <label translate="true">Next Button CSS Class</label>
                <description translate="true">Enter additional CSS class for the next button (e.g. for font icon).</description>
                <depends>
                    <parameter name="use_arrows" value="1" />
                </depends>
                <value>fa fa-angle-right</value>
            </parameter>
            <parameter name="use_pagination" xsi:type="select" visible="true"
                       source_model="Magento\Config\Model\Config\Source\Yesno">
                <label translate="true">Use Pagination</label>
                <description translate="true">Set to “Yes” to use dots for carousel pagination.</description>
                <depends>
                    <parameter name="show_carousel" value="1" />
                </depends>
            </parameter>
            <!--<parameter name="infinite_loop" xsi:type="select" visible="true"-->
                       <!--source_model="Magento\Config\Model\Config\Source\Yesno">-->
                <!--<label translate="true">Infinite Loop</label>-->
                <!--<depends>-->
                    <!--<parameter name="show_carousel" value="1" />-->
                <!--</depends>-->
            <!--</parameter>-->

            <parameter name="product_name_length" xsi:type="text" visible="true">
                <label translate="true">Product Name Length</label>
                <description translate="true">Limit the number of characters to use for the Product Title.</description>
            </parameter>
            <parameter name="css_class" xsi:type="text" visible="true">
                <label translate="true">CSS Class</label>
                <description translate="true">Enter additional CSS class for widget instance.</description>
            </parameter>
            <parameter name="cache_lifetime" xsi:type="text" visible="true">
                <label translate="true">Cache Lifetime (Seconds)</label>
                <description translate="true">Set the expiration time for the widget cache. 86400 seconds (1 day) is a default value.</description>
            </parameter>
            <parameter name="show_label" xsi:type="select" visible="true"
                       source_model="Magento\Config\Model\Config\Source\Yesno">
                <label translate="true">Show Label</label>
                <description translate="true">Set to "Yes" to show Product Labels.</description>
            </parameter>
            <parameter name="css_class_label" xsi:type="text" visible="true">
                <label translate="true">CSS Class Label</label>
                <description translate="true">Enter additional CSS class for the Label.</description>
                <depends>
                    <parameter name="show_label" value="1" />
                </depends>
            </parameter>

            <parameter name="hover_type" xsi:type="select" visible="true"
                       source_model="Zemez\FeaturedProduct\Model\Source\Product\HoverType">
                <label translate="true">Hover Type</label>
                <description translate="true">Select product image hover type.</description>
            </parameter>
            <parameter name="carousel_slides_count" xsi:type="text" visible="true">
                <label translate="true">Number of Slides</label>
                <description translate="true">Enter the number of slides to show in image carousel. If empty, all product images will be included to the carousel.</description>
                <depends>
                    <parameter name="hover_type" value="carousel" />
                </depends>
            </parameter>
            <parameter name="gallery_slides_count" xsi:type="text" visible="true">
                <label translate="true">Number of Images</label>
                <description translate="true">Enter the number of images for the image gallery. If empty, all product images will be included to the gallery.</description>
                <depends>
                    <parameter name="hover_type" value="gallery" />
                </depends>
            </parameter>
            <parameter name="thumb_width" xsi:type="text" visible="true">
                <label translate="true">Image Thumbnails Width</label>
                <description translate="true">Set thumbnails width in pixels. Example: 50.</description>
                <depends>
                    <parameter name="hover_type" value="gallery" />
                </depends>
            </parameter>
            <parameter name="thumb_height" xsi:type="text" visible="true">
                <label translate="true">Image Thumbnails Height</label>
                <description translate="true">Set thumbnails width in pixels. Example: 50.</description>
                <depends>
                    <parameter name="hover_type" value="gallery" />
                </depends>
            </parameter>

            <parameter name="template" xsi:type="select" required="true" visible="true">
                <label translate="true">Template</label>
                <options>
                    <option name="default" value="widget/products-grid.phtml" selected="true">
                        <label translate="true">Products Grid</label>
                    </option>
                    <option name="list" value="widget/products-list.phtml">
                        <label translate="true">Products List</label>
                    </option>
                    <option name="sidebar" value="widget/products-sidebar.phtml">
                        <label translate="true">Products Sidebar</label>
                    </option>
                </options>
            </parameter>
        </parameters>
    </widget>
</widgets>