<config  xmlns:xsi="http://www.w3.org/2001/XMLSchema-instance"
         xsi:noNamespaceSchemaLocation="urn:magento:framework:ObjectManager/etc/config.xsd">
    <preference for="Magento\Swatches\Block\LayeredNavigation\RenderLayered"
                type="Zemez\AjaxCatalog\Block\LayeredNavigation\RenderLayered"/>

    <preference for="Magento\CatalogSearch\Model\Layer\Filter\Price"
                type="Zemez\AjaxCatalog\Model\Layer\Filter\Price"/>

    <virtualType name="Zemez\AjaxCatalog\Model\Layer\Filter\ItemFactory"
                 type="Magento\Catalog\Model\Layer\Filter\ItemFactory">
        <arguments>
            <argument name="instanceName" xsi:type="string">Zemez\AjaxCatalog\Model\Layer\Filter\Item</argument>
        </arguments>
    </virtualType>

    <type name="Magento\Catalog\Controller\Category\View">
        <plugin name="catalog_view_ajax"
                type="Zemez\AjaxCatalog\Plugin\Category\View"
                sortOrder="100" />
    </type>
    <type name="Zemez\ShopByBrand\Controller\Brand\View">
        <plugin name="brand_view_ajax"
                type="Zemez\AjaxCatalog\Plugin\Brand\View"
                sortOrder="100" />
    </type>

    <type name="Magento\CatalogSearch\Controller\Result\Index">
        <plugin name="catalog_search_ajax"
                type="Zemez\AjaxCatalog\Plugin\CatalogSearch\Result"
                sortOrder="100" />
    </type>
    <type name="Magento\CatalogSearch\Controller\Advanced\Result">
        <plugin name="catalog_search_advance_ajax"
                type="Zemez\AjaxCatalog\Plugin\CatalogSearch\Advanced\Result"
                sortOrder="100" />
    </type>
    <type name="Magento\Catalog\Block\Product\ProductList\Toolbar">
        <plugin name="toolbar_ajax_plugin"
                type="Zemez\AjaxCatalog\Plugin\ProductList\Toolbar"
                sortOrder="100" />
    </type>
    <type name="Zemez\Blog\Block\Post\PostList\Toolbar">
        <plugin name="blog_toolbar_ajax_plugin"
                type="Zemez\AjaxCatalog\Plugin\Post\PostList\Toolbar"
                sortOrder="90" />
    </type>
    <type name="Magento\Catalog\Model\Layer\FilterList">
        <plugin name="catalog_search_filter_attribute"
                type="Zemez\AjaxCatalog\Plugin\CatalogSearch\Model\Layer\Filter\Attribute"
                sortOrder="100"/>
    </type>
    <type name="Zemez\AjaxCatalog\Model\CatalogSearch\Layer\Filter\MultipleAttribute">
        <arguments>
            <argument name="filterItemFactory"
                      xsi:type="object">Zemez\AjaxCatalog\Model\Layer\Filter\ItemFactory</argument>
        </arguments>
    </type>
    <type name="Magento\Swatches\Model\Plugin\ProductImage">
        <arguments>
            <argument name="swatchesHelperData"
                      xsi:type="object">Zemez\AjaxCatalog\Helper\Swatches\Data</argument>
        </arguments>
    </type>
    <type name="Magento\Swatches\Block\LayeredNavigation\RenderLayered">
        <plugin name="layer_filter_selected"
                type="Zemez\AjaxCatalog\Plugin\Swatches\Block\LayeredNavigation\RenderLayered"
                sortOrder="100"/>
    </type>
    <type name="Magento\LayeredNavigation\Block\Navigation\FilterRenderer">
        <plugin name="layer_filter_renderer"
                type="Zemez\AjaxCatalog\Plugin\LayeredNavigation\Block\Navigation\FilterRenderer"
                sortOrder="100"/>
    </type>
    <type name="Magento\Catalog\Model\ResourceModel\Product\Collection">
        <plugin name="multiple_attributes_support" type="Zemez\AjaxCatalog\Plugin\Catalog\Model\ResourceModel\Product\Collection" />
    </type>
</config>