<?xml version="1.0"?>
<config xmlns:xsi="http://www.w3.org/2001/XMLSchema-instance" xsi:noNamespaceSchemaLocation="urn:magento:framework:ObjectManager/etc/config.xsd">
    <preference for="Zemez\FilmSlider\Api\Data\SliderInterface"
                type="Zemez\FilmSlider\Model\Slider"/>
    <preference for="Zemez\FilmSlider\Api\SliderRepositoryInterface"
                type="Zemez\FilmSlider\Model\SliderRepository"/>
    <preference for="Zemez\FilmSlider\Api\Data\SliderSearchResultsInterface"
                type="Magento\Framework\Api\SearchResults" />
    <preference for="Zemez\FilmSlider\Api\Data\SliderItemInterface"
                type="Zemez\FilmSlider\Model\SliderItem"/>
    <preference for="Zemez\FilmSlider\Api\SliderItemRepositoryInterface"
                type="Zemez\FilmSlider\Model\SliderItemRepository"/>
    <preference for="Zemez\FilmSlider\Api\Data\SliderItemSearchResultsInterface"
                type="Magento\Framework\Api\SearchResults" />
    <preference for="Zemez\FilmSlider\Api\Animation\ConfigInterface"
                type="Zemez\FilmSlider\Model\Animation\Config" />
    <type name="Magento\Framework\View\Element\UiComponent\DataProvider\CollectionFactory">
        <arguments>
            <argument name="collections" xsi:type="array">
                <item name="filmslider_listing_data_source" xsi:type="string">Zemez\FilmSlider\Model\ResourceModel\Slider\Grid\Collection</item>
            </argument>
        </arguments>
    </type>
    <type name="Zemez\FilmSlider\Model\ResourceModel\Slider\Grid\Collection">
        <arguments>
            <argument name="mainTable" xsi:type="string">film_slider</argument>
            <argument name="eventPrefix" xsi:type="string">film_slider_grid_collection</argument>
            <argument name="eventObject" xsi:type="string">film_slider_collection</argument>
            <argument name="resourceModel" xsi:type="string">Zemez\FilmSlider\Model\ResourceModel\Slider</argument>
        </arguments>
    </type>
    <virtualType name="FilmSliderFilterPool" type="Magento\Framework\View\Element\UiComponent\DataProvider\FilterPool">
        <arguments>
            <argument name="appliers" xsi:type="array">
                <item name="regular" xsi:type="object">Magento\Framework\View\Element\UiComponent\DataProvider\RegularFilter</item>
                <item name="fulltext" xsi:type="object">Magento\Framework\View\Element\UiComponent\DataProvider\FulltextFilter</item>
            </argument>
        </arguments>
    </virtualType>
    <virtualType name="FilmSliderDataProvider" type="Magento\Framework\View\Element\UiComponent\DataProvider\DataProvider">
        <arguments>
            <argument name="collection" xsi:type="object" shared="false">Zemez\FilmSlider\Model\ResourceModel\Slider\Collection</argument>
            <argument name="filterPool" xsi:type="object" shared="false">FilmSliderFilterPool</argument>
        </arguments>
    </virtualType>
    <type name="Zemez\FilmSlider\Model\Animation\Config">
        <arguments>
            <argument name="reader" xsi:type="object">Zemez\FilmSlider\Model\Animation\Config\Reader\Proxy</argument>
        </arguments>
    </type>
</config>