<?xml version="1.0"?>
<!--
/**
 * Copyright © Magento. All rights reserved.
 * See COPYING.txt for license details.
 */
-->
<config xmlns:xsi="http://www.w3.org/2001/XMLSchema-instance" xsi:noNamespaceSchemaLocation="urn:magento:framework:ObjectManager/etc/config.xsd">
    <type name="Zemez\CatalogImagesGrid\Controller\Adminhtml\Image\Upload">
        <arguments>
            <argument name="imageUploader" xsi:type="object">Magento\Catalog\CategoryImageUpload</argument>
        </arguments>
    </type>
    <virtualType name="Zemez\Catalog\CategoryImageUpload" type="Magento\Catalog\Model\ImageUploader">
        <arguments>
            <argument name="baseTmpPath" xsi:type="string">catalog/tmp/category</argument>
            <argument name="basePath" xsi:type="string">catalog/category</argument>
            <argument name="allowedExtensions" xsi:type="array">
                <item name="jpg" xsi:type="string">jpg</item>
                <item name="jpeg" xsi:type="string">jpeg</item>
                <item name="gif" xsi:type="string">gif</item>
                <item name="png" xsi:type="string">png</item>
            </argument>
        </arguments>
    </virtualType>
    <type name="Magento\Catalog\Model\Category\DataProvider">
        <plugin name="catalog_grid_image_dataprovider"
                type="Zemez\CatalogImagesGrid\Plugin\Catalog\Model\Category\DataProvider" sortOrder="100" />
    </type>
</config>