<?xml version="1.0" ?>
<config xmlns:xsi="http://www.w3.org/2001/XMLSchema-instance" xsi:noNamespaceSchemaLocation="urn:magento:framework:ObjectManager/etc/config.xsd">
    <type name="Magento\Wishlist\Controller\Index\Add">
        <plugin name="wishlist_add_ajax" type="Zemez\AjaxWishlist\Controller\Index\Plugin" sortOrder="100" />
    </type>
    <type name="Magento\Wishlist\Controller\Index\Remove">
        <plugin name="wishlist_add_ajax" type="Zemez\AjaxWishlist\Controller\Index\Plugin" sortOrder="100" />
    </type>
    <type name="Magento\Wishlist\Controller\Index\Update">
        <plugin name="wishlist_add_ajax" type="Zemez\AjaxWishlist\Controller\Index\Plugin" sortOrder="100" />
    </type>
</config>