<?xml version="1.0"?>
<config xmlns:xsi="http://www.w3.org/2001/XMLSchema-instance" xsi:noNamespaceSchemaLocation="urn:magento:framework:ObjectManager/etc/config.xsd">
    <type name="Magento\Catalog\Block\Product\ListProduct">
        <plugin name="addCountdownTimerToCatalogView" type="Zemez\CountdownTimer\Model\Plugin\ListProduct" />
    </type>
    <type name="Magento\CatalogWidget\Block\Product\ProductsList">
        <plugin name="addCountdownTimerToCatalogWidget" type="Zemez\CountdownTimer\Model\Plugin\WidgetProduct" />
    </type>
    <type name="Zemez\FeaturedProduct\Block\FeaturedProduct\Widget\Product">
        <plugin name="addCountdownTimerToCatalogWidget" type="Zemez\CountdownTimer\Model\Plugin\FeaturedProduct" />
    </type>
</config>